{
    "GNN": {
        "L2_error": {
            "mean": 43.181873,
            "std": 40.28397,
            "min": 1.824314,
            "max": 257.203328
        },
        "MSE_error": {
            "mean": 0.230561,
            "std": 0.50942,
            "min": 0.00022,
            "max": 4.373499
        },
        "RMSE_error": {
            "mean": 0.351107,
            "std": 0.327544,
            "min": 0.014833,
            "max": 2.091291
        },
        "Relative_RMSE": {
            "mean": 0.025079,
            "std": 0.023396
        }
    },
    "FC": {
        "L2_error": {
            "mean": 2.351934,
            "std": 2.600345,
            "min": 0.13418,
            "max": 16.575269
        },
        "MSE_error": {
            "mean": 0.000813,
            "std": 0.002094,
            "min": 1e-06,
            "max": 0.018163
        },
        "RMSE_error": {
            "mean": 0.019123,
            "std": 0.021143,
            "min": 0.001091,
            "max": 0.134772
        },
        "Relative_RMSE": {
            "mean": 0.001366,
            "std": 0.00151
        }
    },
    "Recap": {
        "Comparison_RMSE": {
            "GNN": {
                "mean": 0.351107,
                "std": 0.327544
            },
            "FC": {
                "mean": 0.019123,
                "std": 0.021143
            },
            "Relative_RMSE": {
                "GNN": 0.025079,
                "FC": 0.001366
            }
        },
        "Comparison_MSE": {
            "GNN": {
                "mean": 0.230561,
                "std": 0.50942
            },
            "FC": {
                "mean": 0.000813,
                "std": 0.002094
            }
        }
    }
}