{
    "GNN": {
        "L2_error": {
            "mean": 0.595154,
            "std": 0.743119,
            "min": 0.080252,
            "max": 7.259681
        },
        "MSE_error": {
            "mean": 6e-05,
            "std": 0.000275,
            "min": 0.0,
            "max": 0.003484
        },
        "RMSE_error": {
            "mean": 0.004839,
            "std": 0.006042,
            "min": 0.000653,
            "max": 0.059028
        },
        "Relative_RMSE": {
            "mean": 0.000346,
            "std": 0.000432
        }
    },
    "FC": {
        "L2_error": {
            "mean": 2.351934,
            "std": 2.600345,
            "min": 0.13418,
            "max": 16.575269
        },
        "MSE_error": {
            "mean": 0.000813,
            "std": 0.002094,
            "min": 1e-06,
            "max": 0.018163
        },
        "RMSE_error": {
            "mean": 0.019123,
            "std": 0.021143,
            "min": 0.001091,
            "max": 0.134772
        },
        "Relative_RMSE": {
            "mean": 0.001366,
            "std": 0.00151
        }
    },
    "Recap": {
        "Comparison_RMSE": {
            "GNN": {
                "mean": 0.004839,
                "std": 0.006042
            },
            "FC": {
                "mean": 0.019123,
                "std": 0.021143
            },
            "Relative_RMSE": {
                "GNN": 0.000346,
                "FC": 0.001366
            }
        },
        "Comparison_MSE": {
            "GNN": {
                "mean": 6e-05,
                "std": 0.000275
            },
            "FC": {
                "mean": 0.000813,
                "std": 0.002094
            }
        }
    }
}