{
    "GNN": {
        "L2_error": {
            "mean": 33.547779,
            "std": 9.939006,
            "min": 20.468549,
            "max": 44.545652
        },
        "MSE_error": {
            "mean": 0.163232,
            "std": 0.085314,
            "min": 0.055862,
            "max": 0.264575
        },
        "RMSE_error": {
            "mean": 0.387376,
            "std": 0.114766,
            "min": 0.23635,
            "max": 0.514369
        },
        "Relative_RMSE": {
            "mean": 0.02767,
            "std": 0.008198
        }
    },
    "FC": {
        "L2_error": {
            "mean": 65.224745,
            "std": 64.523528,
            "min": 14.292439,
            "max": 156.260354
        },
        "MSE_error": {
            "mean": 1.12234,
            "std": 1.508649,
            "min": 0.027237,
            "max": 3.25564
        },
        "RMSE_error": {
            "mean": 0.75315,
            "std": 0.745054,
            "min": 0.165035,
            "max": 1.804339
        },
        "Relative_RMSE": {
            "mean": 0.053796,
            "std": 0.053218
        }
    },
    "Recap": {
        "Comparison_RMSE": {
            "GNN": {
                "mean": 0.387376,
                "std": 0.114766
            },
            "FC": {
                "mean": 0.75315,
                "std": 0.745054
            },
            "Relative_RMSE": {
                "GNN": 0.02767,
                "FC": 0.053796
            }
        },
        "Comparison_MSE": {
            "GNN": {
                "mean": 0.163232,
                "std": 0.085314
            },
            "FC": {
                "mean": 1.12234,
                "std": 1.508649
            }
        }
    }
}