{
    "GNN": {
        "L2_error": {
            "mean": 16.977041,
            "std": 20.539319,
            "min": 0.69333,
            "max": 123.348175
        },
        "MSE_error": {
            "mean": 0.046945,
            "std": 0.120579,
            "min": 3.2e-05,
            "max": 1.005869
        },
        "RMSE_error": {
            "mean": 0.138038,
            "std": 0.167003,
            "min": 0.005637,
            "max": 1.00293
        },
        "Relative_RMSE": {
            "mean": 0.00986,
            "std": 0.011929
        }
    },
    "FC": {
        "L2_error": {
            "mean": 2.351934,
            "std": 2.600345,
            "min": 0.13418,
            "max": 16.575269
        },
        "MSE_error": {
            "mean": 0.000813,
            "std": 0.002094,
            "min": 1e-06,
            "max": 0.018163
        },
        "RMSE_error": {
            "mean": 0.019123,
            "std": 0.021143,
            "min": 0.001091,
            "max": 0.134772
        },
        "Relative_RMSE": {
            "mean": 0.001366,
            "std": 0.00151
        }
    },
    "Recap": {
        "Comparison_RMSE": {
            "GNN": {
                "mean": 0.138038,
                "std": 0.167003
            },
            "FC": {
                "mean": 0.019123,
                "std": 0.021143
            },
            "Relative_RMSE": {
                "GNN": 0.00986,
                "FC": 0.001366
            }
        },
        "Comparison_MSE": {
            "GNN": {
                "mean": 0.046945,
                "std": 0.120579
            },
            "FC": {
                "mean": 0.000813,
                "std": 0.002094
            }
        }
    }
}