{
    "GNN": {
        "L2_error": {
            "mean": 23.853128,
            "std": 29.381331,
            "min": 1.280079,
            "max": 163.077429
        },
        "MSE_error": {
            "mean": 0.094687,
            "std": 0.251091,
            "min": 0.000108,
            "max": 1.758181
        },
        "RMSE_error": {
            "mean": 0.193947,
            "std": 0.238896,
            "min": 0.010408,
            "max": 1.325964
        },
        "Relative_RMSE": {
            "mean": 0.013853,
            "std": 0.017064
        }
    },
    "FC": {
        "L2_error": {
            "mean": 2.661865,
            "std": 3.034637,
            "min": 0.158884,
            "max": 17.811402
        },
        "MSE_error": {
            "mean": 0.001077,
            "std": 0.002703,
            "min": 2e-06,
            "max": 0.020974
        },
        "RMSE_error": {
            "mean": 0.021643,
            "std": 0.024674,
            "min": 0.001292,
            "max": 0.144823
        },
        "Relative_RMSE": {
            "mean": 0.001546,
            "std": 0.001762
        }
    },
    "Recap": {
        "Comparison_RMSE": {
            "GNN": {
                "mean": 0.193947,
                "std": 0.238896
            },
            "FC": {
                "mean": 0.021643,
                "std": 0.024674
            },
            "Relative_RMSE": {
                "GNN": 0.013853,
                "FC": 0.001546
            }
        },
        "Comparison_MSE": {
            "GNN": {
                "mean": 0.094687,
                "std": 0.251091
            },
            "FC": {
                "mean": 0.001077,
                "std": 0.002703
            }
        }
    }
}