{
    "GNN": {
        "L2_error": {
            "mean": 0.697461,
            "std": 0.631218,
            "min": 0.084797,
            "max": 3.434689
        },
        "MSE_error": {
            "mean": 5.9e-05,
            "std": 0.000112,
            "min": 0.0,
            "max": 0.00078
        },
        "RMSE_error": {
            "mean": 0.005671,
            "std": 0.005132,
            "min": 0.000689,
            "max": 0.027927
        },
        "Relative_RMSE": {
            "mean": 0.000405,
            "std": 0.000367
        }
    },
    "FC": {
        "L2_error": {
            "mean": 2.711906,
            "std": 3.057431,
            "min": 0.198115,
            "max": 22.235664
        },
        "MSE_error": {
            "mean": 0.001104,
            "std": 0.003065,
            "min": 3e-06,
            "max": 0.032687
        },
        "RMSE_error": {
            "mean": 0.02205,
            "std": 0.02486,
            "min": 0.001611,
            "max": 0.180796
        },
        "Relative_RMSE": {
            "mean": 0.001575,
            "std": 0.001776
        }
    },
    "Recap": {
        "Comparison_RMSE": {
            "GNN": {
                "mean": 0.005671,
                "std": 0.005132
            },
            "FC": {
                "mean": 0.02205,
                "std": 0.02486
            },
            "Relative_RMSE": {
                "GNN": 0.000405,
                "FC": 0.001575
            }
        },
        "Comparison_MSE": {
            "GNN": {
                "mean": 5.9e-05,
                "std": 0.000112
            },
            "FC": {
                "mean": 0.001104,
                "std": 0.003065
            }
        }
    }
}