{
    "GNN": {
        "L2_error": {
            "mean": 0.671168,
            "std": 0.682895,
            "min": 0.075829,
            "max": 6.12174
        },
        "MSE_error": {
            "mean": 6.1e-05,
            "std": 0.000205,
            "min": 0.0,
            "max": 0.002478
        },
        "RMSE_error": {
            "mean": 0.005457,
            "std": 0.005553,
            "min": 0.000617,
            "max": 0.049775
        },
        "Relative_RMSE": {
            "mean": 0.00039,
            "std": 0.000397
        }
    },
    "FC": {
        "L2_error": {
            "mean": 2.661865,
            "std": 3.034637,
            "min": 0.158884,
            "max": 17.811402
        },
        "MSE_error": {
            "mean": 0.001077,
            "std": 0.002703,
            "min": 2e-06,
            "max": 0.020974
        },
        "RMSE_error": {
            "mean": 0.021643,
            "std": 0.024674,
            "min": 0.001292,
            "max": 0.144823
        },
        "Relative_RMSE": {
            "mean": 0.001546,
            "std": 0.001762
        }
    },
    "Recap": {
        "Comparison_RMSE": {
            "GNN": {
                "mean": 0.005457,
                "std": 0.005553
            },
            "FC": {
                "mean": 0.021643,
                "std": 0.024674
            },
            "Relative_RMSE": {
                "GNN": 0.00039,
                "FC": 0.001546
            }
        },
        "Comparison_MSE": {
            "GNN": {
                "mean": 6.1e-05,
                "std": 0.000205
            },
            "FC": {
                "mean": 0.001077,
                "std": 0.002703
            }
        }
    }
}