{
    "GNN": {
        "L2_error": {
            "mean": 160.288509,
            "std": 168.528451,
            "min": 3.852717,
            "max": 1291.515186
        },
        "MSE_error": {
            "mean": 3.576243,
            "std": 10.08804,
            "min": 0.000981,
            "max": 110.27446
        },
        "RMSE_error": {
            "mean": 1.303288,
            "std": 1.370286,
            "min": 0.031326,
            "max": 10.501165
        },
        "Relative_RMSE": {
            "mean": 0.093092,
            "std": 0.097878
        }
    },
    "FC": {
        "L2_error": {
            "mean": 2.711906,
            "std": 3.057431,
            "min": 0.198115,
            "max": 22.235664
        },
        "MSE_error": {
            "mean": 0.001104,
            "std": 0.003065,
            "min": 3e-06,
            "max": 0.032687
        },
        "RMSE_error": {
            "mean": 0.02205,
            "std": 0.02486,
            "min": 0.001611,
            "max": 0.180796
        },
        "Relative_RMSE": {
            "mean": 0.001575,
            "std": 0.001776
        }
    },
    "Recap": {
        "Comparison_RMSE": {
            "GNN": {
                "mean": 1.303288,
                "std": 1.370286
            },
            "FC": {
                "mean": 0.02205,
                "std": 0.02486
            },
            "Relative_RMSE": {
                "GNN": 0.093092,
                "FC": 0.001575
            }
        },
        "Comparison_MSE": {
            "GNN": {
                "mean": 3.576243,
                "std": 10.08804
            },
            "FC": {
                "mean": 0.001104,
                "std": 0.003065
            }
        }
    }
}